Fiscal Year 2022,A1,A2,A3,B1,B1/B2,B2,BBBCC,BBBCV,C1,C1/D,C2,C3,CW1,CW2,D,E1,E2,E2C,E3,E3D,E3R,F1,F2,G1,G2,G3,G4,G5,H1B,H1B1,H1C,H2A,H2B,H3,H4,I,J1,J2,K1,K2,K3,K4,L1,L2,M1,M2,N8,N9,NATO1,NATO2,NATO3,NATO4,NATO5,NATO6,O1,O2,O3,P1,P2,P3,P4,Q1,R1,R2,T2,T3,T4,T5,T6,TD,TN,U1,U2,U3,U4,U5,Grand Total
Algeria,59,133,1,4,"12,208",0,0,0,16,4,1,1,0,0,129,0,0,0,0,0,0,259,25,27,21,0,43,1,18,0,0,0,0,0,7,9,203,20,30,0,0,0,20,30,1,0,0,0,0,0,0,0,0,0,1,1,5,11,0,2,2,0,0,0,0,0,0,0,0,1,0,0,0,0,0,0,"13,293"
Angola,54,120,0,6,"2,421",202,0,0,2,134,0,0,0,0,0,0,0,0,0,0,0,390,43,47,87,0,14,0,9,0,0,0,0,0,2,11,41,0,1,0,0,0,16,24,8,3,0,0,0,0,0,0,0,0,4,1,0,1,0,1,0,0,1,0,0,0,0,0,0,0,0,0,0,0,0,0,"3,643"
Benin,6,76,1,2,961,1,0,0,5,0,0,2,0,0,2,0,1,0,0,0,0,163,4,13,19,0,59,0,3,0,0,0,0,0,3,0,38,6,5,1,0,0,0,0,0,0,0,0,0,0,0,0,0,0,2,3,0,2,0,0,0,0,0,0,0,0,0,0,0,0,0,0,0,0,0,0,"1,378"
Botswana,24,207,0,1,873,0,0,0,10,18,0,0,0,0,0,0,0,0,0,3,0,123,11,6,3,1,33,0,14,0,0,0,0,6,6,0,64,7,1,0,0,0,5,1,1,0,0,0,0,0,0,0,0,0,1,0,0,2,0,0,0,0,0,0,0,0,0,0,0,0,0,0,0,0,0,0,"1,421"
Burkina Faso,32,82,0,2,"2,324",0,0,0,0,0,0,2,0,0,0,0,0,0,0,0,0,271,5,6,115,0,67,0,9,0,0,0,0,0,6,14,46,4,3,0,0,0,0,0,1,0,0,0,0,0,0,0,0,0,2,4,3,2,0,2,1,0,2,0,0,0,0,0,0,0,0,0,0,0,0,0,"3,005"
Burundi,14,10,0,0,513,2,0,0,2,0,0,0,0,0,0,0,0,0,0,0,0,134,1,10,62,0,68,0,3,0,0,0,0,0,1,2,19,0,12,0,0,0,0,0,0,0,0,0,0,0,0,0,0,0,0,0,0,1,0,0,0,0,1,2,0,0,0,0,0,0,0,0,0,0,0,0,857
Cabo Verde,6,45,0,2,"1,342",0,0,0,0,11,0,0,0,0,0,0,0,0,0,0,0,28,0,6,24,0,4,1,3,0,0,0,0,0,1,0,14,0,56,10,0,0,1,1,3,0,0,0,0,0,0,0,0,0,2,1,0,0,0,42,0,0,2,0,0,0,0,0,0,0,0,0,0,0,0,0,"1,605"
Cameroon,31,229,0,9,"5,390",3,0,0,4,29,1,1,0,0,0,0,2,0,0,0,0,517,13,28,75,0,189,0,56,0,0,0,0,2,33,1,200,79,80,17,0,0,6,7,0,0,0,0,0,0,0,0,0,0,4,2,0,5,0,5,0,1,24,1,0,0,0,0,0,0,0,0,0,0,0,0,"7,044"
Central African Republic,23,22,0,0,68,1,0,0,1,0,0,1,0,0,0,0,0,0,0,0,0,9,0,24,45,0,8,0,0,0,0,0,0,0,0,0,12,0,0,0,0,0,0,0,0,0,0,0,0,0,0,0,0,0,0,0,0,1,0,5,0,0,0,0,0,0,0,0,0,0,0,0,0,0,0,0,220
Chad,28,72,0,1,558,1,0,0,3,0,3,0,0,0,0,0,0,0,0,0,0,73,5,19,95,0,54,0,4,0,0,0,0,0,0,0,22,0,2,0,0,0,5,4,1,0,0,0,0,0,0,0,0,0,1,0,0,0,0,0,0,0,0,0,0,0,0,0,0,0,0,0,0,0,0,0,951
Comoros,9,16,7,0,26,0,0,0,0,0,0,0,0,0,0,0,0,0,0,0,0,3,0,3,29,0,7,0,0,0,0,0,0,0,0,0,10,0,1,0,0,0,1,0,1,2,0,0,0,0,0,0,0,0,0,0,0,0,0,0,0,0,0,0,0,0,0,0,0,0,0,0,0,0,0,0,115
"Congo, Democratic Republic of the",9,520,0,10,"3,931",7,0,0,5,6,0,0,0,0,0,0,1,0,0,0,0,"1,146",27,7,389,0,65,0,24,0,0,0,0,0,6,2,80,11,58,3,0,0,4,9,7,0,0,0,0,0,0,0,0,0,4,24,1,5,0,1,0,0,15,10,0,0,1,3,0,0,0,0,0,0,0,0,"6,391"
"Congo, Republic of the",29,121,0,78,9,561,0,0,4,3,0,4,0,0,0,0,0,0,0,0,0,86,5,36,46,0,31,1,0,0,0,0,0,0,1,1,16,1,7,2,0,0,2,3,0,0,0,0,0,0,0,0,0,0,0,0,0,1,0,0,0,0,0,0,0,0,0,0,0,0,0,0,0,0,0,0,"1,048"
Cote d'Ivoire,36,181,3,5,"3,677",2,0,0,8,31,1,1,0,0,0,0,1,0,0,0,0,448,14,20,149,0,98,1,27,0,0,0,0,1,5,14,92,8,40,3,0,0,4,6,0,0,0,0,0,0,0,0,0,0,2,8,1,8,1,1,0,0,3,4,1,4,0,0,0,0,0,0,0,1,0,0,"4,910"
Djibouti,12,60,0,11,129,0,0,0,0,0,0,1,0,0,0,0,0,0,0,0,0,4,1,4,18,0,11,0,0,0,0,0,0,0,0,0,12,0,1,0,0,0,0,0,0,0,0,0,0,0,0,0,0,0,1,0,0,0,0,0,0,0,0,0,0,0,0,0,0,0,0,0,0,0,0,0,265
Egypt,143,"1,653",22,94,"42,964",16,0,0,13,"1,027",0,0,0,0,0,0,47,0,0,1,0,"1,338",438,32,56,0,186,0,362,0,0,41,0,0,354,62,"1,707",695,214,7,0,0,261,412,42,0,1,0,0,0,0,0,0,0,67,12,45,8,0,4,0,0,21,40,0,3,0,0,0,9,0,1,0,2,0,0,"52,400"
Equatorial Guinea,9,125,4,8,634,5,0,0,0,0,0,0,0,0,0,0,0,0,0,0,0,183,0,11,60,0,2,0,2,0,0,0,0,0,0,1,11,0,0,0,0,0,2,0,0,0,0,0,0,0,0,0,0,0,0,0,0,0,0,0,0,0,0,0,0,0,0,0,0,0,0,0,0,0,0,0,"1,057"
Eritrea,0,5,3,28,559,1,0,0,1,1,0,0,0,0,0,0,0,0,0,0,0,163,5,1,8,0,15,0,1,0,0,0,0,0,0,1,11,1,45,3,0,0,1,4,0,0,0,0,0,0,0,0,0,0,0,0,0,3,0,1,0,0,3,0,0,0,0,0,0,0,0,0,0,0,0,0,864
Eswatini,30,23,1,0,391,0,0,0,1,14,0,0,0,0,0,0,0,0,0,0,0,60,2,8,66,0,3,0,5,0,0,0,0,0,8,7,44,1,1,1,0,0,1,3,1,0,0,0,0,0,0,0,0,0,0,0,0,0,0,0,0,0,0,0,0,0,0,0,0,0,0,0,0,0,0,0,671
Ethiopia,79,75,4,82,"11,176",15,0,0,11,"1,079",0,0,0,0,63,0,4,1,0,0,0,"1,951",92,80,43,0,401,2,68,0,0,0,0,0,53,9,259,81,175,11,0,0,15,27,6,0,0,0,0,0,0,0,0,0,6,1,3,46,0,7,5,0,10,12,1,3,0,1,0,1,0,0,0,0,0,0,"15,958"
Gabon,25,98,0,2,828,1,0,0,2,0,0,0,0,0,3,1,1,0,0,0,0,108,1,7,88,0,10,0,1,0,0,0,0,0,0,0,14,0,2,1,0,0,3,1,0,0,0,0,0,0,0,0,0,0,1,0,0,1,0,0,0,0,0,0,0,0,0,0,0,0,0,0,0,0,0,0,"1,199"
"Gambia, The",7,53,0,6,379,0,0,0,349,0,1,1,0,0,345,0,0,0,0,0,0,161,4,8,151,0,34,1,5,0,0,0,0,0,2,0,30,10,27,1,0,0,0,3,0,0,0,0,0,0,0,0,0,0,1,0,1,0,0,2,0,0,0,0,0,0,0,0,0,0,0,0,0,3,0,0,"1,585"
Ghana,33,698,1,14,"13,141",9,0,0,23,307,0,43,0,0,11,0,1,0,0,0,0,"3,331",397,33,233,0,167,0,231,0,0,0,0,4,144,64,540,185,284,20,0,0,100,95,9,2,0,0,0,0,0,0,0,0,22,23,4,23,0,163,3,47,89,16,0,0,0,0,0,2,0,0,0,0,0,0,"20,512"
Guinea,6,33,0,0,"1,383",2,0,0,1,2,0,0,0,0,1,0,0,0,0,0,0,37,2,6,62,0,38,0,0,0,0,0,0,0,1,1,22,2,35,1,0,0,1,0,1,0,0,0,0,0,0,0,0,0,0,0,0,18,0,11,1,0,0,0,0,0,0,0,0,0,0,0,0,0,0,0,"1,667"
Guinea-Bissau,2,5,0,0,43,0,0,0,0,0,0,0,0,0,0,0,0,0,0,0,0,4,0,2,56,0,2,0,0,0,0,0,0,0,0,0,9,0,2,0,0,0,0,0,0,0,0,0,0,0,0,0,0,0,0,0,0,0,0,0,0,0,0,0,0,0,0,0,0,0,0,0,0,0,0,0,125
Kenya,56,863,8,57,"10,824",13,0,0,24,940,1,15,0,0,1,0,0,0,0,1,0,"1,105",80,48,250,1,558,4,320,0,0,0,0,0,103,26,476,63,85,24,0,0,49,51,7,3,0,0,0,0,0,0,0,0,18,5,3,43,0,11,1,1,48,12,0,4,0,0,0,3,0,1,0,0,0,0,"16,206"
Lesotho,8,37,0,1,76,0,0,0,1,2,0,0,0,0,0,0,0,0,0,0,0,18,1,15,18,0,12,0,1,0,0,0,0,0,0,0,31,2,1,0,0,0,0,1,0,0,0,0,0,0,0,0,0,0,0,0,0,1,0,0,0,0,0,0,0,0,0,0,0,0,0,0,0,0,0,0,226
Liberia,43,120,0,3,664,2,0,0,1,14,0,0,0,0,0,0,0,0,0,0,0,132,6,23,81,0,26,0,0,0,0,0,0,0,1,0,72,2,82,19,0,0,1,0,0,0,0,0,0,0,0,0,0,0,1,1,0,0,0,30,0,0,0,0,0,0,0,0,0,0,0,0,0,0,0,0,"1,324"
Libya,84,76,0,11,568,6,0,0,1,1,0,1,0,0,21,0,0,0,0,0,0,202,106,69,102,0,27,0,20,0,0,0,0,0,9,0,97,19,9,0,0,0,2,1,0,0,0,0,0,1,0,0,0,0,1,0,4,0,0,0,0,0,0,0,0,0,0,0,0,0,0,0,0,0,0,0,"1,438"
Madagascar,21,42,0,2,851,0,0,0,321,8,1,1,0,0,393,0,0,0,0,0,0,118,35,26,64,0,117,1,11,0,0,0,0,0,4,0,110,6,2,0,0,0,1,0,8,0,0,0,0,0,0,0,0,0,0,2,0,0,0,1,0,0,7,0,0,0,0,0,0,0,0,0,0,0,0,0,"2,153"
Malawi,28,67,0,6,"1,123",0,0,0,13,14,3,5,0,0,0,0,1,0,0,0,0,176,51,19,209,0,55,0,9,0,0,0,0,0,10,0,88,20,4,2,0,0,2,6,0,0,0,0,0,0,0,0,0,0,2,0,0,0,0,0,0,0,5,1,0,0,0,0,0,0,0,0,0,0,0,0,"1,919"
Mali,67,81,0,2,"1,301",7,0,0,2,1,0,0,0,0,0,0,0,0,0,0,0,64,0,11,52,0,43,0,4,0,0,0,0,0,0,7,70,1,18,1,0,0,0,1,0,0,0,0,0,0,0,0,0,0,1,4,0,2,0,6,0,0,0,0,0,0,0,0,0,0,0,0,0,0,0,0,"1,746"
Mauritania,34,58,1,1,397,0,0,0,0,0,1,0,0,0,0,0,0,0,0,0,0,26,9,22,62,0,17,0,5,0,0,0,0,0,3,1,29,5,3,0,0,0,0,0,4,0,0,0,0,0,0,0,0,0,0,0,0,0,0,2,0,0,0,0,0,0,0,0,0,0,0,0,0,0,0,0,680
Mauritius,7,28,2,1,"1,044",0,0,0,2,"1,154",0,1,0,0,0,0,2,0,0,0,0,81,0,2,21,0,16,2,26,0,0,2,17,0,3,2,130,1,2,0,0,0,13,12,0,0,0,0,0,0,0,0,0,0,3,0,0,0,0,3,0,0,0,1,0,0,0,0,0,0,0,0,0,0,0,0,"2,578"
Morocco,47,552,13,37,"15,827",22,0,0,4,562,0,2,0,0,4,0,10,0,0,1,0,692,23,24,126,0,82,0,71,0,0,0,0,0,18,21,482,28,117,2,0,0,28,18,2,0,0,0,0,0,0,0,0,0,7,1,1,8,0,17,0,0,0,0,0,0,0,0,0,4,0,0,0,0,0,0,"18,853"
Mozambique,40,126,0,209,312,414,0,0,22,8,0,0,0,0,0,0,0,0,0,0,0,128,3,27,65,0,45,0,5,0,0,1,0,0,4,14,82,8,3,0,0,0,3,8,0,0,0,0,0,0,0,0,0,0,2,2,0,2,0,0,0,0,1,0,0,0,0,0,0,0,0,0,0,0,0,0,"1,534"
Namibia,17,32,2,5,923,0,0,0,0,67,0,5,0,0,0,0,0,0,0,0,0,57,4,19,46,0,12,0,2,0,0,2,1,0,3,1,85,0,1,0,0,0,11,5,4,0,0,0,0,0,0,0,0,0,2,1,0,1,0,0,0,0,0,0,0,3,0,0,0,0,0,0,0,0,0,0,"1,311"
Niger,33,159,0,4,551,2,0,0,0,0,0,1,0,0,0,0,0,0,0,0,0,160,2,31,147,0,48,0,6,0,0,0,0,0,1,0,31,0,7,0,0,0,0,0,0,0,1,0,0,0,0,0,0,0,3,3,0,4,0,0,0,0,0,0,0,0,0,0,0,0,0,0,0,0,0,0,"1,194"
Nigeria,134,"1,212",0,51,"68,975",21,0,0,18,92,3,16,0,0,3,0,2,0,0,0,0,"7,547","1,456",56,688,0,386,1,588,0,0,0,0,0,306,65,"1,123",322,552,34,0,0,197,216,50,3,0,0,0,0,0,0,0,0,97,48,38,13,0,75,2,0,133,28,0,0,2,0,0,4,0,0,0,0,0,0,"84,557"
Rwanda,4,198,1,38,"1,391",28,0,0,7,7,0,5,0,0,0,0,0,0,0,0,0,440,19,9,3,0,68,2,44,0,0,0,0,0,14,2,122,10,24,4,0,0,6,1,8,0,0,0,0,0,0,0,0,0,2,0,0,0,0,1,0,0,6,3,0,2,0,0,0,0,0,0,0,0,0,0,"2,469"
Sao Tome and Principe,2,5,0,0,11,0,0,0,0,0,0,0,0,0,0,0,0,0,0,0,0,1,0,1,6,0,1,0,0,0,0,0,0,0,0,0,6,0,0,0,0,0,0,0,0,0,0,0,0,0,0,0,0,0,0,0,0,0,0,0,0,0,0,0,0,0,0,0,0,0,0,0,0,0,0,0,33
Senegal,47,158,0,3,"2,993",2,0,0,2,0,0,10,0,0,61,0,1,0,0,0,0,273,3,40,98,0,156,5,25,0,0,0,0,1,3,18,127,14,30,6,0,0,6,3,2,0,0,0,0,0,0,0,0,0,17,42,0,11,0,0,0,0,1,0,0,0,0,0,0,0,0,1,0,0,0,0,"4,159"
Seychelles,1,11,1,7,63,0,0,0,0,14,0,0,0,0,0,0,0,0,0,0,0,11,0,4,17,0,1,0,0,0,0,0,0,0,1,0,9,0,0,0,0,0,0,0,2,0,0,0,0,0,0,0,0,0,0,0,0,0,0,0,0,0,0,0,0,0,0,0,0,0,0,0,0,0,0,0,142
Sierra Leone,39,186,1,23,"1,941",202,0,0,7,3,0,0,0,0,1,0,0,0,0,0,0,183,5,20,198,0,54,2,2,0,0,0,0,0,0,0,64,3,128,29,0,0,1,3,0,0,0,0,0,0,0,0,0,0,0,0,0,1,0,0,0,0,0,0,0,0,0,0,0,0,0,0,0,0,0,0,"3,096"
Somalia,12,23,1,3,80,0,0,0,0,0,0,0,0,0,0,0,0,0,0,0,0,42,3,3,13,0,13,0,0,0,0,0,0,0,0,0,4,0,12,0,0,0,0,0,0,0,0,0,0,0,0,0,0,0,0,0,0,0,0,0,0,0,0,0,0,0,0,0,0,0,0,0,0,0,0,0,209
South Africa,59,416,11,296,"25,475",20,0,0,36,"3,636",0,38,0,0,3,0,25,0,0,8,0,"1,480",70,36,210,0,234,0,227,0,0,"9,554","1,918",8,384,29,"2,849",116,87,9,0,0,856,988,44,3,0,0,0,0,0,0,0,0,183,84,79,87,0,46,17,0,44,63,0,0,0,0,0,5,0,0,0,0,0,0,"49,733"
South Sudan,40,99,0,2,86,1,0,0,1,0,0,0,0,0,0,0,0,0,0,0,0,69,2,13,166,1,15,0,0,0,0,0,0,0,0,0,43,0,8,4,0,0,0,0,0,0,0,0,0,0,0,0,0,0,27,0,0,1,0,0,0,0,1,0,0,0,0,0,0,0,0,0,0,0,0,0,579
Sudan,56,24,16,108,"2,081",0,0,0,1,2,0,0,0,0,19,0,0,0,0,0,0,236,55,49,84,0,59,0,44,0,0,0,0,0,45,3,128,25,9,0,0,0,7,14,8,0,0,0,0,0,0,0,0,0,5,0,2,0,0,0,0,0,0,0,0,0,0,0,0,3,0,0,0,0,0,0,"3,083"
Tanzania,71,383,3,37,"4,151",2,0,0,13,68,0,3,0,0,2,0,0,0,0,0,0,671,40,58,172,0,134,2,40,0,0,0,0,0,10,5,343,12,17,2,0,0,8,15,17,4,0,0,0,0,0,0,0,0,2,2,0,0,0,0,0,0,30,6,0,0,0,0,0,0,0,0,0,0,0,0,"6,323"
Togo,34,126,0,3,"1,015",0,0,0,12,0,0,6,0,0,9,0,1,0,0,0,0,100,1,14,37,0,44,1,6,0,0,0,0,0,3,0,39,3,36,6,0,0,2,0,0,0,0,0,0,0,0,0,0,0,1,2,2,4,0,3,0,0,5,0,0,0,0,0,0,0,0,0,0,2,0,0,"1,517"
Tunisia,21,470,3,12,"4,138",10,0,0,4,523,0,1,0,0,1,0,8,0,0,0,0,545,16,10,11,0,44,0,48,0,0,0,0,0,13,2,334,26,16,0,0,0,31,34,1,0,0,0,0,0,0,0,0,0,7,7,2,3,0,0,0,0,0,0,0,0,0,0,0,2,0,0,0,0,0,0,"6,343"
Uganda,28,366,0,13,"5,220",2,0,0,36,0,0,2,0,0,59,0,0,0,0,0,0,863,81,20,181,0,270,5,46,0,0,0,0,0,27,12,244,22,36,12,0,0,13,14,3,0,1,0,0,0,0,0,0,0,7,1,2,7,0,30,0,0,27,5,0,0,0,0,0,0,0,0,0,0,0,0,"7,655"
Zambia,41,176,0,5,"2,696",4,0,0,12,73,0,14,0,0,0,0,2,0,0,0,0,203,21,20,118,0,154,1,10,0,0,0,0,0,2,3,121,10,12,0,0,0,7,3,1,0,0,0,0,0,0,0,0,0,2,5,0,3,0,0,0,0,8,0,0,0,0,0,0,1,0,0,0,0,0,0,"3,728"
Zimbabwe,57,54,4,15,"3,898",0,0,0,"2,227",0,0,7,0,0,"2,392",0,1,0,0,0,0,843,138,51,185,0,284,4,99,0,0,3,0,4,17,5,461,73,16,1,0,0,76,59,7,0,0,0,0,0,0,0,0,0,7,0,5,15,5,7,0,1,9,7,0,0,0,0,0,0,0,0,0,0,0,0,"11,037"
Afghanistan,0,1,0,1,664,1,0,0,1,0,0,0,0,0,3,0,1,0,0,0,0,385,77,0,0,0,152,0,19,0,0,0,0,0,47,3,88,171,205,4,0,0,3,7,0,0,0,0,0,0,0,0,0,0,4,0,5,0,0,1,0,0,4,7,0,0,0,0,0,0,0,0,0,0,0,0,"1,854"
Bahrain,24,662,0,9,"3,382",45,0,0,0,21,0,0,0,0,0,0,1,0,0,0,0,99,9,6,40,0,1,0,15,0,0,0,0,0,3,0,73,0,3,0,0,0,7,0,5,7,0,0,0,0,0,0,0,0,4,0,1,0,0,0,0,0,0,0,0,0,0,0,0,0,0,0,0,0,0,0,"4,417"
Bangladesh,32,"1,221",14,70,"15,335",3,0,0,14,809,2,11,19,14,0,0,25,0,0,0,0,"7,754","1,805",90,182,0,284,1,288,0,0,0,0,0,207,67,412,258,34,0,0,0,56,86,26,2,0,0,0,0,0,0,0,0,10,0,10,0,0,9,0,0,13,3,6,9,6,2,0,10,0,1,1,1,0,0,"29,202"
Bhutan,12,11,0,0,111,0,0,0,2,1,0,1,0,0,0,0,0,0,0,0,0,87,12,12,24,0,31,4,4,0,0,0,0,0,3,0,26,7,3,2,0,0,0,1,4,0,0,0,0,0,0,0,0,0,0,0,0,0,0,0,0,0,2,0,0,0,0,0,0,0,0,0,0,0,0,0,360
Brunei,12,64,0,4,31,0,0,0,0,31,0,0,0,0,1,0,0,0,0,0,0,12,0,4,13,0,4,0,1,0,0,0,0,0,0,5,32,0,1,0,0,0,4,2,1,0,0,0,0,0,0,0,0,0,0,0,0,0,0,0,0,0,0,0,0,0,0,0,0,0,0,0,0,0,0,0,222
Burma,56,2,2,88,894,3,0,0,800,1,0,0,0,0,"2,338",0,1,0,0,0,0,"1,932",102,18,0,0,58,0,14,0,0,0,0,0,8,0,197,4,66,2,0,0,5,7,7,0,0,0,0,0,0,0,0,0,1,0,2,0,0,0,0,0,15,9,0,0,0,0,0,0,0,0,0,0,0,0,"6,632"
Cambodia,30,109,0,35,"5,828",1,0,0,43,0,0,3,0,0,39,0,0,0,0,0,0,592,4,42,110,0,64,0,12,0,0,0,0,1,2,2,189,9,103,18,0,0,0,0,15,0,0,0,0,0,0,0,0,0,1,0,3,3,0,7,0,0,18,10,0,0,0,0,0,0,0,0,0,0,0,0,"7,293"
China - mainland,298,124,3,"1,218","68,869",141,0,0,221,"4,654",0,30,24,2,0,2,104,1,0,23,0,"61,894","1,186",72,140,0,749,1,"6,070",0,0,0,0,21,"1,737",16,"6,818","1,211",355,32,0,0,"2,180","1,569",156,4,0,0,0,0,0,0,0,0,333,155,104,147,0,370,7,2,32,18,3,7,0,0,0,76,0,3,3,4,0,0,"161,189"
Hong Kong S.A.R.,0,0,0,5,"16,734",2,0,0,1,428,0,0,0,0,0,0,5,0,0,8,0,"1,926",59,0,0,0,30,0,113,0,0,0,0,0,49,5,536,41,30,3,0,0,125,138,16,2,0,0,0,0,0,0,0,0,33,9,14,13,0,0,0,1,13,13,0,0,0,0,0,8,0,0,0,0,0,0,"20,360"
India,121,"1,460",130,533,"264,515",114,0,0,239,"32,548",4,199,3,3,0,2,48,0,0,147,0,"115,115","3,106",38,50,0,"1,028",9,"166,271",0,0,0,0,24,"116,632",72,"10,571","3,101",414,24,0,0,"20,051","23,491",745,5,0,0,0,1,0,0,0,0,899,250,365,23,0,"1,276",7,0,838,296,1,1,0,0,0,113,0,10,25,48,0,0,"764,966"
Indonesia,185,"2,802",21,446,"57,513",15,0,0,113,"25,194",0,36,0,0,1,1,16,0,0,6,0,"2,342",176,175,284,0,241,2,270,0,0,0,0,1,51,34,"2,024",295,85,9,0,0,138,191,41,0,0,0,0,1,0,0,0,0,51,13,10,8,0,5,6,0,22,9,0,0,0,0,0,1,0,0,0,0,0,1,"92,835"
Iran,2,0,2,20,"4,260",1,0,0,0,9,4,0,0,0,1,0,1,0,0,2,0,"3,567",635,47,212,0,102,0,84,0,0,0,0,0,48,8,765,343,188,14,0,0,15,17,4,0,0,0,0,0,0,0,0,0,25,9,11,1,0,2,0,0,1,2,0,0,0,0,0,20,0,0,0,0,0,0,"10,422"
Iraq,157,514,2,107,"3,232",0,0,0,0,8,0,0,0,0,0,0,0,0,0,0,0,182,69,54,87,0,24,0,32,0,0,0,1,0,22,3,301,53,273,5,0,0,10,11,3,0,0,0,0,0,0,0,0,0,2,0,1,0,1,16,0,0,1,0,0,0,0,0,0,0,0,0,0,0,0,0,"5,171"
Israel,181,"2,839",1,7,"125,309","1,929",0,0,2,470,0,4,0,0,0,238,438,0,0,15,0,"1,122",69,44,18,0,23,0,331,0,0,4,1,2,227,38,"3,229","1,372",21,1,0,0,804,"1,328",39,6,0,0,0,0,0,0,0,0,321,103,192,149,1,9,4,0,58,80,0,0,0,0,0,0,0,1,0,2,0,0,"141,032"
Japan,242,"4,516",2,142,"3,237",2,0,0,5,"2,801",0,377,14,4,0,"1,410","15,009",2,0,22,0,"11,460",629,56,65,0,318,1,637,0,0,0,158,51,416,795,"5,270","1,672",224,11,0,0,"3,076","3,939",401,9,0,0,0,1,0,0,0,1,447,200,190,434,2,95,37,58,75,27,0,0,0,0,0,14,0,0,0,0,0,0,"58,554"
Jordan,23,"1,671",3,31,"16,219",20,0,0,0,258,0,2,0,0,2,5,14,0,0,0,0,"1,304",203,39,43,0,85,0,294,0,0,0,0,1,185,15,"1,531",218,72,0,0,0,104,140,7,0,0,0,0,0,0,0,0,0,35,12,17,3,1,2,0,0,5,4,0,0,0,0,0,3,0,1,0,0,0,0,"22,572"
"Korea, North",0,0,0,0,0,0,0,0,0,0,0,0,0,0,0,0,0,0,0,0,0,1,0,0,0,19,1,0,0,0,0,0,0,0,0,0,0,0,0,0,0,0,0,0,0,0,0,0,0,0,0,0,0,0,0,0,0,0,0,0,0,0,0,0,0,0,0,0,0,0,0,0,0,0,0,0,21
"Korea, South",295,"2,675",0,6,"5,708",0,0,0,4,"2,259",0,39,93,31,0,123,"3,382",26,0,22,0,"18,066","2,159",31,120,0,219,0,"2,140",0,0,1,62,18,701,297,"8,785","3,796",127,3,0,0,"2,151","3,067",257,13,0,0,0,0,0,0,0,0,554,296,261,"1,299",1,43,7,0,238,159,0,0,0,0,0,29,0,1,0,0,0,0,"59,564"
Kuwait,65,361,0,1,"16,140",0,0,0,0,93,0,0,0,0,0,0,0,0,0,0,0,"1,613",109,17,55,0,15,0,18,0,0,0,0,0,6,6,68,25,0,0,0,0,3,7,7,0,0,0,0,0,0,0,0,0,4,0,0,0,0,4,0,0,0,0,0,0,0,0,0,0,0,0,0,0,0,0,"18,617"
Laos,37,52,0,3,959,0,0,0,1,0,0,0,0,0,0,0,0,0,0,0,0,64,0,30,39,0,15,0,0,0,0,0,0,0,0,0,81,2,295,12,0,0,0,2,1,0,0,0,0,0,0,0,0,0,0,0,0,0,0,2,0,0,8,0,0,0,0,0,0,0,0,0,0,0,0,0,"1,603"
Lebanon,12,270,3,29,"14,154",16,0,0,4,192,0,0,0,0,0,0,3,0,0,0,0,560,37,4,22,0,134,0,267,0,0,0,0,0,107,42,654,92,109,0,0,0,119,139,6,0,0,0,0,0,0,0,0,0,62,40,7,37,0,82,0,0,9,4,0,0,0,0,0,7,0,0,0,0,0,0,"17,223"
Macau S.A.R.,0,0,0,0,190,0,0,0,0,0,0,0,0,0,0,0,0,0,0,0,0,113,0,0,0,0,1,0,6,0,0,0,0,0,0,0,7,1,2,0,0,0,0,0,0,0,0,0,0,0,0,0,0,0,2,0,1,0,0,0,0,0,0,0,0,0,0,0,0,0,0,0,0,0,0,0,323
Malaysia,107,696,2,312,"17,519",1,0,0,8,"1,818",1,4,0,0,1,3,4,0,0,8,0,"1,224",43,18,163,0,55,0,339,0,0,0,0,79,60,26,"1,498",199,29,1,0,0,520,354,17,1,0,0,0,0,0,0,0,0,70,16,12,9,0,1,0,0,13,3,0,0,0,0,0,6,0,0,0,0,0,0,"25,240"
Maldives,11,87,0,1,112,0,0,0,2,11,0,2,0,0,0,0,0,0,0,0,0,9,0,3,48,0,10,0,0,0,0,0,0,0,0,0,23,2,0,0,0,0,0,0,4,0,0,0,0,0,0,0,0,0,0,0,0,0,0,0,0,0,0,0,0,0,0,0,0,0,0,0,0,0,0,0,325
Mongolia,74,230,3,78,"3,771",90,0,0,73,18,0,0,24,0,0,0,36,0,0,0,0,827,269,25,45,0,45,0,47,0,0,1,261,1,33,25,"1,376",73,8,1,0,0,21,38,14,0,0,0,0,0,0,0,0,0,2,0,0,14,0,20,6,0,5,3,0,0,0,0,0,0,0,1,1,2,0,0,"7,561"
Nepal,5,173,16,31,"18,210",4,0,0,33,288,0,2,2,0,0,0,1,0,0,0,0,"6,175",605,6,56,0,335,0,613,0,0,0,0,0,292,8,472,171,66,6,0,0,57,41,52,0,0,0,0,0,0,0,0,0,7,5,0,6,0,0,1,0,6,2,0,0,0,0,0,1,0,2,1,2,0,0,"27,753"
Oman,19,413,10,2,"2,593",4,0,0,2,77,0,0,0,0,0,0,0,0,0,0,0,412,31,12,36,0,1,0,5,0,0,0,0,0,4,0,21,10,1,0,0,0,15,33,15,4,0,0,0,0,0,0,0,0,1,0,3,0,0,0,0,0,0,0,0,0,0,0,0,0,0,0,0,0,0,0,"3,724"
Pakistan,119,"1,249",21,65,"58,152",23,0,0,31,531,1,4,0,0,0,23,114,0,0,8,0,"3,540",569,92,112,0,320,4,"1,104",0,0,0,0,2,909,46,"2,692",983,199,13,0,0,377,460,35,0,0,0,0,0,0,0,0,0,60,4,47,0,0,57,4,0,20,30,0,0,0,0,0,55,0,0,2,5,0,0,"72,082"
Palestinian Authority Travel Document,0,1,0,95,"6,452",9,0,0,1,3,0,0,0,0,1,0,1,0,0,0,0,278,32,1,0,0,57,0,30,0,0,0,0,0,14,4,208,22,13,0,0,0,7,4,0,0,0,0,0,0,0,0,0,0,3,2,2,0,0,1,0,0,0,0,0,0,0,0,0,0,0,0,0,0,0,0,"7,241"
Philippines,89,"1,519",261,"3,603","86,496",55,0,0,"1,322","77,570",1,19,859,189,5,0,159,0,0,6,0,"1,235",83,81,266,1,304,73,"2,151",0,0,39,"2,746",43,"1,176",43,"4,260","1,487","4,968","1,070",0,0,"1,197",925,48,2,0,0,0,0,0,0,0,0,85,125,23,109,0,8,7,0,160,35,8,36,3,0,9,20,0,0,0,4,0,0,"194,983"
Qatar,90,860,3,2,"5,510",4,0,0,0,36,0,9,0,0,0,0,0,0,0,0,0,181,18,11,98,0,1,0,2,0,0,0,0,0,0,0,39,2,0,0,0,0,1,3,5,0,0,0,0,0,0,0,0,0,0,0,0,0,0,0,0,0,0,0,0,0,0,0,0,0,0,0,0,0,0,0,"6,875"
Saudi Arabia,344,"5,157",6,25,"37,307",6,0,0,0,0,0,0,0,0,773,0,0,0,0,0,0,"4,839","2,292",50,189,0,62,0,149,0,0,0,0,0,79,2,581,230,7,0,0,0,63,132,420,29,0,0,0,0,0,0,0,0,19,0,10,2,0,0,0,0,0,0,0,0,0,0,0,1,0,1,0,0,0,0,"52,775"
Singapore,16,"1,245",0,27,635,0,0,0,3,"2,164",0,1,0,0,0,0,46,0,0,7,0,"1,790",78,6,87,0,42,0,510,927,0,0,0,43,275,20,923,61,25,1,0,0,396,327,31,0,0,0,0,0,0,0,0,0,54,7,15,9,1,2,0,0,6,4,0,0,0,0,0,2,0,0,0,0,0,0,"9,786"
Sri Lanka,21,340,19,41,"7,469",2,0,0,104,904,0,2,0,0,0,0,15,0,0,4,0,882,159,13,26,0,67,0,151,0,0,0,0,0,111,0,176,62,21,2,0,0,129,165,9,0,0,0,0,0,0,0,0,0,6,0,4,0,1,5,0,0,42,0,0,0,0,0,0,2,0,0,0,0,0,0,"10,954"
Syria,0,2,7,12,"3,285",2,0,0,0,13,0,0,0,0,0,0,2,0,0,0,0,219,24,72,11,0,70,0,27,0,0,0,0,0,25,8,87,31,116,1,0,0,9,11,2,0,0,0,0,0,0,0,0,0,4,2,2,3,0,2,0,0,4,3,0,0,0,0,0,3,0,0,0,0,0,0,"4,059"
Taiwan,0,2,0,30,"6,398",1,0,0,2,"2,611",0,0,0,0,0,601,"2,694",0,0,3,0,"6,913",262,2,0,0,16,0,"1,228",0,0,4,2,11,273,65,"1,899",332,75,1,0,0,856,745,86,1,0,0,0,0,0,0,0,1,128,90,32,73,0,15,6,1,49,7,0,1,0,0,0,18,0,0,0,0,0,0,"25,534"
Thailand,49,"1,482",3,196,"41,259",167,0,0,36,"1,976",0,8,3,0,1,11,295,1,0,6,0,"2,951",46,13,77,0,62,3,284,0,0,40,5,0,47,43,"9,294",61,349,49,0,0,144,118,13,0,0,0,0,2,0,0,0,0,74,22,17,27,0,0,0,0,91,3,1,1,0,0,0,6,0,0,0,0,0,0,"59,336"
Timor-Leste,5,63,0,4,21,0,0,0,1,0,0,0,0,0,0,0,0,0,0,0,0,8,0,7,49,0,2,0,0,0,0,0,0,0,0,0,45,0,3,0,0,0,0,0,0,0,0,0,0,0,0,0,0,0,0,0,0,0,0,0,0,0,0,0,0,0,0,0,0,0,0,0,0,0,0,0,208
United Arab Emirates,86,"1,287",44,3,"13,262",10,0,0,1,0,0,0,0,0,261,0,0,0,0,0,0,457,29,15,99,0,4,0,2,0,0,0,1,0,1,2,52,2,1,0,0,0,5,9,4,0,0,0,0,0,0,0,0,0,1,1,0,0,0,1,0,0,0,0,0,0,0,0,0,0,0,0,0,0,0,0,"15,640"
Vietnam,226,477,0,49,"77,659",122,0,0,91,"1,775",0,18,0,0,0,2,10,0,0,11,0,"12,330",161,70,69,0,304,1,472,0,0,0,0,2,165,61,796,131,618,137,0,0,255,307,90,0,0,0,0,0,0,0,0,0,45,1,20,18,0,41,3,0,130,0,0,0,0,0,0,7,0,0,0,0,0,0,"96,674"
Yemen,8,52,9,12,"1,839",2,0,0,2,20,0,1,0,0,1,0,0,0,0,0,0,420,48,27,55,0,64,0,6,0,0,0,1,0,5,1,38,28,11,0,0,0,5,10,4,1,0,0,0,0,0,0,0,0,0,0,0,0,0,0,0,0,0,0,0,0,0,0,0,0,0,0,0,0,0,0,"2,670"
Albania,18,193,0,10,"13,991",0,0,0,0,164,0,0,0,0,1,0,27,0,0,0,0,557,33,13,23,0,37,1,53,0,0,0,1,0,17,14,646,17,68,6,0,0,16,13,1,0,0,0,11,132,0,1,0,3,6,1,1,6,0,41,1,0,4,0,0,0,0,0,0,0,0,0,0,0,0,0,"16,127"
Andorra,6,8,0,0,3,0,0,0,0,0,0,0,0,0,0,0,0,0,0,0,0,13,0,1,4,0,1,0,1,0,0,0,0,0,0,2,11,0,0,0,0,0,1,1,0,0,0,0,0,0,0,0,0,0,1,0,0,0,0,0,0,0,0,0,0,0,0,0,0,0,0,0,0,0,0,0,53
Armenia,29,154,0,5,"4,970",2,0,0,4,0,0,3,0,0,5,0,64,0,0,0,0,381,62,9,45,1,56,0,28,0,0,0,0,0,19,7,299,15,90,4,0,0,33,50,1,3,0,0,0,0,0,0,0,0,21,2,17,7,0,36,5,0,3,3,0,0,0,0,0,0,0,0,0,0,0,0,"6,433"
Austria,31,327,0,16,"1,637",2,0,0,1,440,0,1,0,0,0,19,258,0,0,4,0,631,11,13,24,2,103,1,111,0,0,0,5,0,21,82,"1,570",66,12,0,0,0,258,133,30,0,0,0,0,0,0,0,0,0,130,37,16,174,0,5,4,5,6,3,0,0,0,0,0,0,0,0,0,0,0,0,"6,189"
Azerbaijan,73,183,3,29,"3,667",17,0,0,17,325,0,1,0,0,0,1,47,0,0,0,0,668,104,28,61,0,61,3,41,0,0,0,0,0,14,12,305,30,3,0,0,0,25,23,1,0,0,0,0,0,0,0,0,0,5,1,3,6,0,0,1,1,0,0,0,0,0,0,0,0,0,0,0,0,0,0,"5,759"
Belarus,13,2,0,5,"3,978",2,0,0,1,377,0,1,0,0,0,1,2,0,0,0,0,280,39,19,11,0,80,0,27,0,0,0,8,0,36,3,284,29,48,9,0,0,256,352,3,0,0,0,0,0,0,0,0,0,43,8,39,57,0,0,6,0,3,0,0,0,0,0,0,1,0,0,0,2,0,0,"6,025"
Belgium,36,222,1,35,"1,862",9,0,0,1,"1,146",1,2,0,0,0,3,236,0,0,4,0,735,3,21,77,25,113,0,131,0,0,2,4,1,33,111,"1,190",96,8,0,0,0,403,310,69,0,0,0,0,730,0,11,0,7,165,160,39,126,0,3,5,0,7,4,0,0,0,0,0,0,0,0,0,0,0,0,"8,147"
Bosnia-Herzegovina,14,88,0,150,"3,850",0,0,0,0,686,0,0,0,0,0,3,56,0,0,0,0,115,0,0,37,0,48,0,30,0,0,0,5,0,13,5,556,6,30,1,0,0,15,9,0,0,0,0,0,0,0,0,0,0,4,0,1,5,0,59,4,0,8,22,0,0,0,0,0,1,0,0,0,0,0,0,"5,821"
Bulgaria,27,137,1,159,"9,476",1,0,0,2,869,0,0,0,0,0,0,42,0,0,0,0,224,2,2,18,0,71,0,50,0,0,6,324,0,10,10,"2,246",20,32,1,0,0,77,40,4,0,0,0,0,99,0,2,0,0,27,3,4,15,0,18,0,0,5,1,0,0,0,0,0,2,0,0,0,0,0,0,"14,027"
Croatia,18,39,0,213,"1,176",1,0,0,0,673,0,0,0,0,0,1,27,0,0,0,0,187,3,15,16,7,24,1,47,0,0,1,15,0,6,11,"1,073",9,14,1,0,0,114,36,2,0,0,0,0,71,0,1,0,1,36,8,2,10,0,8,4,0,4,1,0,0,0,0,0,1,0,0,0,0,0,0,"3,877"
Cyprus,12,58,0,7,"3,040",1,0,0,1,121,0,2,0,0,0,0,0,0,0,0,0,180,7,13,25,1,18,0,35,0,0,0,0,0,6,1,82,11,2,0,0,0,21,11,2,0,0,0,0,0,0,0,0,0,14,5,0,2,0,2,0,1,0,0,0,0,0,0,0,0,0,0,0,0,0,0,"3,681"
Czech Republic,39,120,0,95,"1,065",3,0,0,0,247,0,1,0,0,0,0,76,0,0,0,0,398,7,11,65,1,30,0,74,0,0,1,143,0,17,32,"1,343",94,11,1,0,0,162,146,12,0,0,0,0,301,0,0,0,4,50,18,19,88,0,2,6,0,4,4,0,0,0,0,0,2,0,0,0,0,0,0,"4,692"
Denmark,45,446,1,14,"1,187",4,0,0,0,507,0,0,0,0,0,18,384,0,0,5,0,925,13,38,101,5,81,0,77,0,0,7,0,15,23,115,"1,725",193,22,0,0,0,371,414,13,2,0,0,2,232,0,3,0,20,180,65,39,57,1,8,9,1,7,0,0,0,0,0,0,0,0,0,0,0,0,0,"7,375"
Estonia,21,91,0,6,196,0,0,0,0,129,0,0,0,0,0,2,23,0,0,0,0,76,1,17,26,3,13,0,14,0,0,1,4,0,2,18,354,27,4,0,0,0,24,23,3,0,0,0,0,108,0,1,0,1,18,3,19,20,0,2,0,0,0,0,0,0,0,0,0,3,0,0,0,0,0,0,"1,253"
Finland,31,424,1,13,294,1,0,0,0,960,0,0,0,0,0,6,91,0,0,1,0,380,13,8,88,10,57,1,63,0,0,4,0,0,38,59,674,120,14,2,0,0,212,184,27,1,0,0,0,0,0,0,0,0,84,26,38,199,0,13,10,0,8,4,0,0,0,0,0,1,0,0,0,0,0,0,"4,160"
France,170,"1,105",6,118,"4,938",3,0,0,7,"3,232",0,33,0,0,1,222,"2,867",1,0,13,0,"7,025",83,92,98,32,719,1,"1,342",0,0,3,7,7,288,539,"11,359",713,90,7,0,0,"2,447","2,642",148,2,0,0,0,587,0,14,2,6,"1,033",353,250,618,3,44,26,314,55,24,0,0,0,0,0,23,0,0,0,0,0,0,"43,712"
Georgia,27,271,0,5,"1,582",0,0,0,4,947,0,0,0,0,0,0,9,0,0,0,0,394,28,21,46,0,34,1,38,0,0,0,1,0,6,50,580,37,13,1,0,0,17,16,3,0,1,0,0,0,0,0,0,0,12,0,10,5,0,5,0,0,2,5,0,0,0,0,0,1,0,0,0,0,0,0,"4,172"
Germany,193,"1,315",1,73,"11,767",4,0,0,4,"4,208",0,21,0,0,0,378,"3,496",0,0,23,0,"7,248",101,108,85,27,441,0,985,0,0,7,4,11,207,850,"15,520",706,148,11,0,0,"3,005","1,849",194,15,1,0,0,544,0,17,32,425,801,342,193,463,1,26,15,94,41,11,0,0,0,0,0,15,0,0,0,0,0,0,"56,026"
Great Britain and Northern Ireland,167,"4,750",4,"1,043","16,962",66,0,0,6,"7,423",0,98,0,0,4,148,"3,122",0,0,90,1,"4,862",99,56,311,12,578,0,"1,706",0,0,86,144,17,592,"2,082","13,289",314,675,16,1,0,"4,871","3,437",295,1,1,0,1,608,0,20,5,25,"3,569","2,987",731,"1,961",18,94,67,74,148,104,0,0,0,0,0,18,0,0,0,0,0,0,"77,759"
Greece,57,271,1,97,729,4,0,0,0,"1,364",0,0,0,0,0,15,9,0,0,4,0,935,13,8,48,13,62,0,542,0,0,0,20,2,67,36,739,90,22,2,0,0,180,122,8,0,0,0,0,223,0,8,0,3,142,36,15,33,0,111,3,2,15,3,0,0,0,0,0,0,0,0,0,0,0,0,"6,054"
Hungary,68,422,1,84,"2,318",3,0,0,0,256,0,0,0,0,0,0,6,0,0,1,0,359,11,26,60,6,51,0,108,0,0,1,81,1,48,27,"1,702",116,13,0,0,0,257,241,9,0,0,0,0,140,0,2,0,12,56,46,28,64,1,12,5,1,13,10,0,0,1,0,0,1,0,1,0,0,0,0,"6,669"
Iceland,12,22,0,0,541,0,0,0,0,450,0,0,0,0,0,0,0,0,0,0,0,224,26,5,9,0,16,0,30,0,0,0,0,0,15,1,80,21,0,0,0,0,12,24,11,7,0,0,0,1,0,0,0,0,42,34,9,9,0,0,0,0,0,0,0,0,0,0,0,0,0,0,0,0,0,0,"1,601"
Ireland,50,300,1,82,"1,286",17,0,0,0,999,0,0,0,0,1,26,257,0,0,19,0,769,8,31,15,6,86,0,530,0,0,75,119,20,93,145,"6,943",256,49,0,0,0,"1,034",506,9,0,1,0,0,1,0,0,0,0,353,211,61,220,1,188,7,0,19,2,0,0,0,0,0,2,0,0,0,0,0,0,"14,798"
Italy,94,444,2,"1,447","5,008",7,0,0,5,"2,436",0,3,0,0,0,221,978,0,0,8,0,"5,957",93,43,136,30,456,2,"1,090",0,0,5,93,14,180,204,"9,141",327,88,4,0,0,"1,692","1,056",123,2,0,0,0,600,3,18,2,7,925,274,208,311,1,11,21,132,61,11,0,0,0,0,0,6,0,1,0,0,0,0,"33,981"
Kazakhstan,36,186,1,20,"14,385",1,0,0,81,0,0,0,0,0,196,0,95,0,0,3,0,"1,232",412,15,195,0,29,0,77,0,0,0,0,0,44,32,"2,970",270,31,13,0,0,80,115,9,0,0,0,0,0,0,0,0,0,23,3,18,33,0,0,8,0,6,3,0,0,0,0,0,2,0,0,0,0,0,0,"20,624"
Kosovo,21,269,0,3,"4,572",0,0,0,0,8,0,9,0,0,0,0,1,0,0,0,0,92,4,0,27,0,28,0,10,0,0,0,0,0,6,13,374,29,74,0,0,0,2,7,0,0,0,0,0,0,0,0,0,0,4,4,2,5,0,42,2,0,0,0,0,0,0,0,0,0,0,0,0,0,0,0,"5,608"
Kyrgyzstan,22,103,0,12,"3,098",1,0,0,114,0,0,0,0,0,141,0,5,0,0,0,0,708,47,10,73,0,67,3,22,0,0,0,1,0,20,38,364,27,7,0,0,0,11,11,3,0,0,0,0,1,0,0,0,0,2,0,2,9,0,0,0,0,1,0,0,0,0,0,0,0,0,0,0,0,0,0,"4,923"
Latvia,22,92,0,2,358,5,0,0,0,765,0,0,0,0,0,4,12,0,0,0,0,117,6,3,16,2,13,1,28,0,0,0,5,0,14,8,344,15,3,2,0,0,45,38,1,0,0,0,0,143,0,0,0,25,25,1,11,26,0,14,4,0,3,4,0,0,0,0,0,1,0,0,0,0,0,0,"2,178"
Liechtenstein,1,8,0,0,6,1,0,0,0,4,0,0,0,0,0,0,0,0,0,0,0,13,0,4,0,0,1,0,2,0,0,1,0,0,0,0,7,1,1,0,0,0,2,0,0,0,0,0,0,0,0,0,0,0,1,0,0,0,0,0,0,0,0,0,0,0,0,0,0,0,0,0,0,0,0,0,53
Lithuania,17,211,0,28,436,0,0,0,0,296,0,0,0,0,0,0,87,0,0,3,0,208,4,3,29,4,15,0,44,0,0,1,80,0,28,21,732,21,6,0,0,0,99,80,4,0,0,0,1,50,0,0,1,0,26,7,11,20,0,16,9,0,3,0,0,0,0,0,0,2,0,0,0,0,0,0,"2,603"
Luxembourg,5,35,0,0,95,0,0,0,0,39,0,0,0,0,0,0,5,0,0,1,0,54,2,7,12,2,13,0,7,0,0,0,0,0,2,1,52,3,0,0,0,0,20,15,2,0,0,0,0,5,0,0,0,0,8,6,3,0,0,0,0,0,1,0,0,0,0,0,0,0,0,0,0,0,0,0,395
Malta,3,45,0,1,93,0,0,0,0,39,0,0,0,0,0,0,0,0,0,0,0,38,0,4,38,2,2,0,8,0,0,0,0,0,1,5,28,4,1,0,0,0,9,6,1,0,0,0,0,0,0,0,0,0,6,3,3,3,0,0,0,0,0,0,0,0,0,0,0,0,0,0,0,0,0,0,343
Moldova,10,157,0,37,"2,298",6,0,0,0,91,0,0,0,0,0,1,6,0,0,0,0,63,4,16,4,0,31,1,11,0,0,13,0,0,10,9,442,2,16,1,0,0,16,13,1,0,0,0,0,0,0,0,0,0,9,2,1,20,0,14,0,0,1,0,0,0,0,0,0,0,0,0,0,0,0,0,"3,306"
Monaco,2,12,0,0,2,0,0,0,0,2,0,0,0,0,0,0,0,0,0,0,0,6,0,4,3,0,0,0,1,0,0,0,0,0,0,0,1,0,0,0,0,0,1,0,0,0,0,0,0,0,0,0,0,0,1,0,0,3,0,0,0,0,0,0,0,0,0,0,0,0,0,0,0,0,0,0,38
Montenegro,8,88,0,21,"2,837",0,0,0,13,"1,994",0,0,0,0,0,0,0,0,0,0,0,144,2,1,52,0,11,0,17,0,0,0,53,0,2,4,"1,162",1,7,0,0,0,6,2,0,0,0,0,0,2,0,0,0,0,5,0,0,2,0,10,0,0,3,0,0,0,0,0,0,0,0,0,0,0,0,0,"6,447"
Netherlands,59,369,1,154,"2,354",3,0,0,0,"1,226",1,5,0,0,0,9,182,0,0,10,0,"1,765",24,25,70,10,158,0,231,0,0,9,16,1,76,123,"2,731",129,58,0,0,0,951,752,54,6,2,0,0,190,0,9,0,217,403,254,91,185,1,10,9,7,18,12,0,0,0,0,0,4,0,0,0,0,0,0,"12,974"
North Macedonia,12,56,0,10,"3,442",0,0,0,3,298,0,0,0,0,0,0,9,0,0,1,0,95,9,4,22,0,29,0,18,0,0,11,124,0,7,3,457,10,31,0,0,0,10,8,0,0,0,0,0,83,0,1,0,0,10,0,3,43,0,13,0,0,1,0,0,0,0,0,0,0,0,0,0,0,0,0,"4,823"
Norway,38,257,0,43,"1,260",0,0,0,0,649,0,4,0,0,0,14,73,0,0,2,0,"1,623",22,13,99,0,46,0,54,0,0,0,0,0,17,107,890,114,13,1,0,0,150,114,86,5,0,0,0,384,0,5,0,24,144,74,16,85,1,6,4,126,16,6,0,0,0,0,0,0,0,0,0,0,0,0,"6,585"
Poland,55,390,0,178,"4,797",3,0,0,2,"2,166",0,5,0,0,0,17,197,0,0,10,0,789,21,11,58,14,64,0,214,0,0,7,203,2,84,87,"3,051",208,45,5,0,0,589,468,18,3,0,0,0,661,0,8,5,41,141,34,38,296,0,141,2,0,73,4,0,0,0,0,0,3,0,0,0,0,0,0,"15,208"
Portugal,24,121,1,58,"1,634",1,0,0,1,"1,786",0,2,0,0,0,1,3,0,0,0,0,657,27,8,58,0,90,4,208,0,0,1,106,2,34,32,669,42,30,1,0,0,380,288,21,0,0,0,0,58,0,5,2,6,147,62,42,57,0,16,6,0,6,2,0,0,0,0,0,0,0,0,1,0,0,0,"6,700"
Romania,55,344,0,422,"22,964",2,0,0,28,"3,496",0,2,0,0,0,0,110,0,0,4,0,334,8,25,96,8,70,1,74,0,0,273,911,1,50,36,"5,155",47,50,1,0,0,288,171,8,1,0,0,0,307,0,13,8,0,43,11,15,45,0,49,2,0,15,20,0,0,0,0,0,6,0,0,0,0,0,0,"35,569"
Russia,153,415,0,39,"29,822",21,0,0,2,"1,948",0,0,0,0,5,3,48,2,0,8,1,"3,119",314,175,251,0,432,1,334,0,0,0,0,1,314,64,"1,414",264,415,80,0,0,859,"1,076",26,8,0,0,0,0,0,0,0,0,427,30,295,262,1,24,61,0,28,12,0,0,0,0,0,16,0,0,0,0,0,0,"42,770"
San Marino,8,1,0,0,2,0,0,0,0,0,0,0,0,0,0,0,0,0,0,0,0,5,0,0,0,0,0,0,0,0,0,0,0,0,0,0,3,0,0,0,0,0,0,0,0,0,0,0,0,0,0,0,0,0,0,1,0,0,0,0,0,0,0,0,0,0,0,0,0,0,0,0,0,0,0,0,20
Serbia,27,111,1,66,"9,075",5,0,0,26,"1,869",0,1,0,0,1,10,169,0,0,0,0,989,15,4,29,0,33,0,114,0,0,0,"1,645",0,42,23,719,33,30,2,0,0,138,116,2,0,0,0,0,0,0,0,0,0,59,14,8,34,0,73,14,0,4,4,0,0,0,0,0,3,0,0,0,0,0,0,"15,508"
Slovakia,10,189,2,52,420,1,0,0,0,59,0,0,0,0,0,0,58,0,0,0,0,231,7,12,41,2,28,0,44,0,0,0,33,0,17,13,"1,156",25,5,0,0,0,112,64,0,0,0,0,0,11,0,0,0,0,20,7,8,32,3,0,2,0,9,13,0,0,0,0,0,0,0,0,0,0,0,0,"2,686"
Slovenia,8,47,0,2,258,0,0,0,2,48,0,0,0,0,0,0,18,0,0,0,0,96,2,9,48,12,15,0,30,0,0,0,2,0,7,2,164,13,5,0,0,0,23,19,0,0,0,0,0,85,0,1,0,0,21,8,2,13,0,1,0,1,0,0,0,0,0,0,0,1,0,0,0,0,0,0,963
Spain,61,471,6,159,"3,120",2,0,0,1,"1,191",0,4,0,0,0,96,"1,579",0,0,7,0,"5,518",85,32,131,17,381,3,936,0,0,1,6,3,183,280,"12,520","1,047",81,2,0,0,"1,266","1,268",48,3,0,0,0,281,0,12,1,6,623,266,178,430,0,132,28,35,43,7,0,0,0,0,0,11,0,2,0,0,0,0,"32,563"
Sweden,33,"1,122",1,32,"1,338",8,0,0,1,637,0,11,0,0,0,15,388,0,0,10,0,"2,033",27,15,125,10,157,0,166,0,0,2,2,0,65,116,"1,715",168,43,2,0,0,522,484,22,0,0,0,0,1,0,0,0,0,325,190,85,298,0,24,42,1,17,4,0,0,0,0,0,1,0,0,0,0,0,0,"10,258"
Switzerland,33,278,0,61,"2,337",7,0,0,0,781,0,11,0,0,0,6,269,0,0,6,0,"2,015",15,62,75,1,138,0,130,0,0,1,1,3,36,62,"1,287",151,10,0,0,0,359,266,48,0,0,0,0,0,0,0,0,0,174,19,56,87,0,1,4,0,8,1,0,0,0,0,0,0,0,0,0,0,0,0,"8,799"
Tajikistan,14,51,0,0,"1,224",0,0,0,0,0,0,0,0,0,5,0,0,0,0,0,0,79,4,21,30,0,52,1,7,0,0,0,0,0,18,2,172,10,6,0,0,0,4,4,0,0,0,0,0,0,0,0,0,0,0,0,3,1,0,1,1,0,0,0,0,0,0,0,0,0,0,0,0,0,0,0,"1,710"
Turkey,120,555,4,45,"49,389",3,0,0,3,"4,400",0,1,0,1,1,35,253,0,0,0,0,"3,156",211,37,351,0,203,2,720,0,0,2,182,1,561,80,"9,755",670,109,0,0,0,429,422,23,0,0,0,0,131,0,8,1,19,150,13,49,20,0,0,0,14,11,33,0,0,0,0,0,3,0,1,1,0,0,0,"72,178"
Turkmenistan,8,9,2,11,408,0,0,0,0,12,0,0,0,0,0,0,0,0,0,0,0,219,46,12,0,0,17,0,18,0,0,0,0,0,54,2,76,5,2,0,0,0,2,5,0,0,0,0,0,0,0,0,0,0,1,0,0,1,0,0,2,0,0,0,0,0,0,0,0,1,0,0,0,0,0,0,913
Ukraine,61,333,1,276,"18,763",503,0,0,16,"2,664",0,0,0,0,2,2,86,0,0,0,0,"1,326",96,22,47,0,104,0,165,0,0,267,"1,085",0,252,23,"1,051",123,474,128,0,0,515,665,13,0,0,0,0,1,0,0,0,0,148,83,67,364,0,31,34,0,26,38,0,0,0,0,0,10,0,0,0,0,0,0,"29,865"
Uzbekistan,50,297,0,9,"7,478",1,0,0,4,307,1,0,0,0,0,0,0,0,0,0,0,"1,003",95,15,50,0,60,0,24,0,0,0,0,0,29,5,"1,301",14,56,7,0,0,12,23,3,0,2,1,0,0,0,0,0,0,7,0,5,29,0,41,5,0,0,0,0,0,0,0,0,0,0,0,1,1,0,0,"10,936"
Vatican City,0,19,0,0,6,0,0,0,0,0,0,1,0,0,0,0,0,0,0,0,0,0,0,0,1,2,0,0,0,0,0,0,0,0,0,0,0,0,0,0,0,0,0,0,0,0,0,0,0,0,0,0,0,0,0,0,0,0,0,0,0,0,0,0,0,0,0,0,0,0,0,0,0,0,0,0,29
Antigua and Barbuda,3,10,0,1,"1,987",0,0,0,0,13,0,5,0,0,0,0,0,0,0,0,0,79,2,3,3,0,2,0,8,0,0,0,10,0,3,0,22,0,3,0,0,0,3,5,2,0,0,0,0,0,0,0,0,0,1,0,0,1,0,0,0,0,2,2,0,0,0,0,0,0,0,0,0,0,0,0,"2,170"
"Bahamas, The",94,144,0,6,"10,734",1,0,0,3,138,0,106,0,0,0,0,0,0,0,0,0,"1,181",34,16,4,0,20,0,89,0,0,0,0,0,12,0,70,17,8,0,0,0,18,3,50,4,0,0,0,0,0,0,0,0,10,0,3,39,0,0,0,0,6,6,0,0,0,0,0,2,0,0,0,0,0,0,"12,818"
Barbados,14,36,1,0,"6,226",0,0,0,8,220,0,24,0,0,0,0,0,0,0,0,0,161,3,2,9,0,23,0,23,0,0,27,184,0,9,0,29,6,3,0,0,0,11,7,6,0,1,0,0,0,0,0,0,0,5,4,0,7,0,2,0,0,3,1,0,0,0,0,0,0,0,0,0,0,0,0,"7,055"
Belize,15,106,0,11,"7,809",5,0,0,145,38,0,119,0,0,0,0,0,0,0,0,0,170,1,2,6,0,3,0,3,0,0,15,55,1,0,4,44,10,6,0,0,0,0,0,10,0,0,0,0,0,0,0,0,0,3,0,0,0,0,0,0,0,2,0,0,2,0,0,0,0,0,0,0,0,0,0,"8,585"
Canada,202,81,1,6,114,3,0,0,0,20,0,1,0,0,0,763,"3,814",0,0,35,0,141,16,40,12,1,448,1,38,0,0,16,7,0,150,26,60,40,413,22,0,0,119,244,3,0,0,0,0,589,0,3,3,8,30,11,35,29,1,4,4,1,15,12,0,0,0,0,0,35,30,1,0,1,0,0,"7,649"
Costa Rica,29,128,0,99,"48,684",1,0,0,14,285,0,30,0,0,0,2,22,0,0,4,0,521,32,4,4,0,107,2,177,0,0,384,283,144,63,9,348,74,47,21,0,0,529,436,15,1,0,0,0,0,0,0,0,0,32,7,17,15,0,1,1,0,17,15,0,0,0,0,0,8,0,0,1,7,0,0,"52,620"
Cuba,102,40,3,177,"1,245",311,0,0,5,8,0,0,0,0,0,0,4,0,0,0,0,87,21,92,53,0,10,0,3,0,0,0,0,0,3,2,35,12,362,72,0,0,6,5,1,0,0,0,0,0,0,0,0,0,28,93,15,120,0,74,1,0,2,7,0,0,0,0,0,2,0,0,0,0,0,0,"3,001"
Dominica,6,3,0,0,"1,232",0,0,0,0,71,0,5,0,0,0,0,0,0,0,0,0,89,1,2,6,0,0,0,12,0,0,0,0,0,0,1,19,0,5,2,0,0,2,2,1,0,0,0,0,0,0,0,0,0,2,2,0,10,0,1,0,0,1,0,0,0,0,0,0,0,0,0,0,0,0,0,"1,475"
Dominican Republic,57,277,1,107,"64,516",2,0,0,16,528,0,23,0,0,1,0,4,0,0,0,0,"1,510",45,11,11,0,68,1,157,0,0,71,202,1,47,195,"8,901",66,710,205,0,0,103,153,14,0,0,0,0,0,0,0,0,0,69,152,25,"1,268",0,4,163,7,48,44,0,1,0,0,0,2,0,0,0,2,0,0,"79,788"
El Salvador,84,668,3,58,"33,110",5,0,0,66,333,0,73,0,0,0,0,1,0,0,1,0,360,13,11,16,1,74,3,87,0,0,377,"4,274",0,33,39,309,25,139,39,0,0,66,61,5,0,0,0,0,0,0,0,0,0,6,0,5,85,0,0,3,3,28,11,1,5,6,5,2,3,0,1,4,134,1,5,"40,642"
Grenada,12,29,0,0,"1,285",0,0,0,4,108,0,12,0,0,0,0,78,0,0,0,0,68,4,4,6,0,5,0,12,0,0,1,0,0,3,0,19,1,4,1,0,0,0,0,2,0,0,0,0,0,0,0,0,0,6,2,5,1,0,2,0,0,0,0,0,0,0,0,0,0,0,0,0,0,0,0,"1,674"
Guatemala,129,316,3,23,"50,452",4,0,0,14,146,0,82,0,0,0,0,3,0,0,0,0,684,38,12,13,0,50,6,75,0,0,"2,978","6,289",1,38,21,287,22,127,18,0,0,100,88,12,0,0,0,0,0,0,0,0,0,22,3,15,60,1,0,5,4,22,10,3,30,3,2,6,3,0,8,8,195,3,8,"62,442"
Haiti,57,104,0,7,"12,362",5,0,0,129,52,0,52,0,0,0,0,1,0,0,0,0,250,20,11,5,0,63,1,11,0,0,15,7,0,4,15,133,17,623,101,0,0,10,10,5,0,0,0,0,0,0,0,0,0,2,1,0,28,0,67,0,0,19,1,0,0,0,0,1,0,0,27,0,7,3,6,"14,232"
Honduras,84,382,5,107,"36,831",60,0,0,163,"1,057",0,17,0,0,1,12,60,0,0,0,0,921,53,9,1,2,69,4,94,0,0,558,"4,558",1,47,77,494,101,135,40,0,0,57,69,6,0,0,0,0,1,0,0,0,0,7,1,1,70,0,0,3,1,13,13,0,15,3,2,0,9,0,5,4,146,2,9,"46,380"
Jamaica,24,268,1,229,"24,922",59,0,0,48,"1,336",0,244,0,0,1,0,6,0,0,0,0,"1,296",64,9,16,0,75,1,380,0,0,"4,826","12,791",0,309,23,"7,291",894,171,31,0,0,48,27,19,0,0,0,0,0,0,0,0,0,60,264,8,44,0,95,0,0,15,19,0,3,0,0,0,0,0,1,0,5,0,0,"55,923"
Mexico,307,"1,760",7,"3,122","11,547",90,"1,182,329","62,153",43,"4,084",0,1,0,0,46,734,"1,654",0,0,6,0,"7,766",686,42,17,0,365,5,"2,069",0,0,"275,981","84,495",84,"3,066",670,"14,580",521,"1,216",276,2,1,"4,293","5,388",231,30,0,0,0,1,0,0,0,0,738,"2,005",248,"4,976",3,569,195,113,273,69,6,53,2,3,1,"15,761","33,330",97,50,441,7,5,"1,728,613"
Nicaragua,13,3,1,249,"14,305",8,0,0,94,748,0,0,0,0,0,1,0,0,0,0,0,230,8,3,2,0,35,3,35,0,0,966,40,8,26,22,170,12,55,8,0,0,20,18,1,0,0,0,0,0,0,0,0,0,2,3,0,27,0,1,4,0,16,5,0,5,0,0,0,4,0,0,0,24,1,1,"17,177"
Panama,20,402,0,16,"15,112",5,0,0,30,"1,384",0,21,0,0,0,1,20,0,0,0,0,954,25,10,0,0,57,1,46,0,0,12,93,0,12,12,215,9,26,5,0,0,44,91,15,0,0,0,0,0,0,0,0,0,22,17,10,86,0,0,13,0,5,6,0,0,0,0,0,1,0,0,0,0,0,0,"18,798"
Saint Kitts and Nevis,2,9,0,1,"1,649",2,0,0,0,7,0,6,0,0,0,0,0,0,0,0,0,73,4,4,6,0,2,0,13,0,0,0,0,0,1,0,10,0,0,0,0,0,5,10,1,0,0,0,0,0,0,0,0,0,1,0,1,0,0,0,0,0,0,0,0,0,0,0,0,0,0,0,0,0,0,0,"1,807"
Saint Lucia,6,11,0,8,"1,715",1,0,0,7,309,0,15,0,0,0,0,0,0,0,0,0,69,0,3,3,0,3,0,16,0,0,0,0,0,4,0,18,1,5,1,0,0,0,2,0,0,0,0,0,0,0,0,0,0,0,1,0,1,0,1,0,0,0,0,0,0,0,0,0,0,0,0,0,0,0,0,"2,200"
Saint Vincent and the Grenadines,10,19,0,167,958,23,0,0,0,222,0,12,0,0,0,0,0,0,0,0,0,40,1,1,3,0,6,0,4,0,0,0,0,0,1,0,8,1,2,0,0,0,1,0,1,0,0,0,0,0,0,0,0,0,0,0,1,2,1,1,0,0,0,1,0,0,0,0,0,0,0,0,0,0,0,0,"1,486"
Trinidad and Tobago,42,96,0,24,"23,325",4,0,0,22,324,0,52,0,0,0,0,11,0,0,1,0,533,27,7,1,0,86,0,113,0,0,0,0,0,34,3,164,55,24,6,0,0,122,120,24,0,0,0,0,0,0,0,0,0,28,70,4,95,0,124,2,0,7,0,0,0,0,0,0,0,0,0,0,0,0,0,"25,550"
Australia,144,"5,758",0,58,"4,697",10,0,0,3,"2,312",0,36,0,0,0,5,333,0,"4,731","2,622","2,629","1,764",64,23,55,0,189,0,518,0,0,5,17,3,174,123,"1,868",129,116,2,0,0,811,761,74,9,0,0,0,0,0,0,0,0,788,364,90,438,3,8,31,0,40,15,0,0,0,0,0,5,0,0,0,0,0,0,"31,825"
Fiji,3,58,0,2,"2,167",0,0,0,419,294,0,26,0,0,0,0,0,0,0,2,0,26,0,7,6,0,42,0,3,0,0,1,2,0,3,1,94,25,5,1,0,0,0,0,2,0,0,0,0,0,0,0,0,0,2,0,1,3,0,0,2,0,2,0,0,0,0,0,0,0,0,0,0,0,0,0,"3,199"
Kiribati,9,20,0,0,16,0,0,0,3,1,0,15,0,0,0,0,0,0,0,0,0,7,1,2,13,0,5,0,0,0,0,0,0,0,0,0,24,4,0,0,0,0,0,0,0,0,0,0,0,0,0,0,0,0,0,0,0,0,0,0,0,0,0,0,0,0,0,0,0,0,0,0,0,0,0,0,120
Marshall Islands,6,0,0,0,3,0,0,0,3,0,0,0,0,0,0,0,0,0,0,0,0,0,0,1,0,0,0,0,0,0,0,0,0,0,0,0,0,0,0,0,0,0,0,0,0,0,0,0,0,0,0,0,0,0,0,0,0,0,0,0,0,0,0,0,0,0,0,0,0,0,0,0,0,0,0,0,13
Micronesia,5,2,0,0,0,0,0,0,0,0,0,0,0,0,0,0,0,0,0,0,0,0,0,1,0,0,0,0,0,0,0,0,0,0,0,0,1,0,0,0,0,0,0,0,0,0,0,0,0,0,0,0,0,0,0,0,0,0,0,0,0,0,0,0,0,0,0,0,0,0,0,0,0,0,0,0,9
Nauru,0,5,0,1,0,0,0,0,3,2,0,3,0,0,0,0,0,0,0,0,0,0,0,12,2,0,0,0,0,0,0,0,0,0,0,0,1,0,0,0,0,0,0,0,0,0,0,0,0,0,0,0,0,0,0,0,0,0,0,0,0,0,0,0,0,0,0,0,0,0,0,0,0,0,0,0,29
New Zealand,36,777,1,37,"1,438",17,0,0,3,939,0,323,0,0,0,10,44,0,0,48,0,597,3,13,42,0,47,0,148,0,0,35,14,2,62,53,645,39,32,2,0,0,174,132,13,0,0,0,0,0,0,0,0,0,206,91,56,109,1,2,25,0,11,6,0,0,0,0,0,3,0,1,0,0,0,0,"6,237"
Palau,0,3,0,0,1,0,0,0,0,0,0,0,0,0,0,0,0,0,0,0,0,0,0,0,0,0,1,0,0,0,0,0,0,0,0,0,0,0,0,0,0,0,0,0,0,0,0,0,0,0,0,0,0,0,0,0,0,0,0,0,0,0,0,0,0,0,0,0,0,0,0,0,0,0,0,0,5
Papua New Guinea,13,72,0,15,338,0,0,0,37,0,0,25,0,0,18,0,0,0,0,0,0,58,3,7,21,0,13,0,0,0,0,0,0,0,0,0,40,4,1,0,0,0,2,3,6,0,0,0,0,0,0,0,0,0,0,0,0,0,0,1,0,0,1,0,0,0,0,0,0,0,0,0,0,0,0,0,678
Samoa,11,6,0,4,320,16,0,0,8,108,0,18,0,0,0,0,0,0,0,0,0,5,0,2,17,0,3,0,0,0,0,0,0,0,0,0,37,2,1,0,0,0,0,0,0,0,0,0,0,0,0,0,0,0,0,0,0,2,0,0,0,0,1,0,0,0,0,0,0,0,0,0,0,0,0,0,561
Solomon Islands,7,3,0,0,24,0,0,0,2,0,0,7,0,0,0,0,0,0,0,0,0,1,0,1,12,0,4,0,1,0,0,0,0,0,3,0,8,0,0,0,0,0,0,0,0,0,0,0,0,0,0,0,0,0,0,0,0,0,0,0,0,0,0,0,0,0,0,0,0,0,0,0,0,0,0,0,73
Tonga,7,11,3,0,227,3,0,0,2,2,0,2,0,0,0,0,0,0,0,0,0,17,0,1,6,0,0,1,0,0,0,0,0,0,0,0,89,9,4,1,0,0,0,0,0,0,0,0,0,0,0,0,0,0,0,0,0,2,0,0,0,0,4,0,0,0,0,0,0,0,0,0,0,0,0,0,391
Tuvalu,9,12,0,0,8,0,0,0,1,0,0,1,0,0,0,0,0,0,0,0,0,0,1,2,1,0,4,0,0,0,0,0,0,0,0,0,1,0,0,0,0,0,0,0,0,0,0,0,0,0,0,0,0,0,0,0,0,0,0,0,0,0,0,0,0,0,0,0,0,0,0,0,0,0,0,0,40
Vanuatu,10,10,0,1,85,0,0,0,3,0,0,3,0,0,0,0,0,0,0,1,0,2,0,1,14,0,4,0,0,0,0,0,0,0,0,0,2,0,0,0,0,0,0,0,0,0,0,0,0,0,0,0,0,0,0,0,0,0,0,0,0,0,0,0,0,0,0,0,0,0,0,0,0,0,0,0,136
Argentina,51,777,2,67,"202,479",16,0,0,45,"1,398",0,77,0,0,0,121,"1,122",0,0,0,0,"1,947",186,12,124,1,288,3,401,0,0,215,156,3,250,146,"7,418",275,50,2,0,0,"1,082","1,386",34,4,0,0,0,0,0,0,0,0,438,219,267,480,1,63,198,1,52,30,0,0,0,0,0,12,0,2,0,1,0,0,"221,902"
Bolivia,7,39,2,63,"26,427",3,0,0,23,82,0,6,0,0,0,0,3,0,0,0,0,563,35,3,21,0,133,6,69,0,0,0,0,2,20,4,406,14,25,3,0,0,30,43,7,0,0,0,0,0,0,0,0,0,15,1,4,15,0,28,0,0,10,1,0,0,0,0,0,2,0,0,1,4,0,1,"28,121"
Brazil,212,"3,368",6,"2,300","633,019",32,0,0,180,"5,856",0,202,0,0,0,4,162,0,0,13,0,"9,806","1,687",105,408,0,791,11,"1,999",0,0,146,73,6,"1,317",249,"11,815","1,623",666,110,2,0,"6,266","8,707",194,18,1,0,0,2,0,0,0,1,"1,265",430,600,"1,353",0,83,166,2,161,123,1,3,0,0,0,26,0,1,0,4,0,0,"695,575"
Chile,45,897,0,11,866,65,0,0,4,581,0,123,0,0,0,2,54,0,0,1,0,"2,343",760,32,106,0,106,2,280,"1,449",0,39,27,2,"1,563",61,"3,247",294,36,7,0,0,288,550,45,2,0,0,0,0,0,0,0,0,101,29,70,45,0,9,18,0,18,11,0,0,0,0,0,8,0,1,0,0,0,0,"14,198"
Colombia,118,"3,944",9,175,"126,332",12,0,0,154,"2,540",0,21,0,0,0,17,96,0,0,5,0,"7,038",752,89,15,0,488,21,926,0,0,135,247,5,417,253,"11,381",711,"1,006",319,0,0,877,"1,145",135,5,0,0,0,0,0,0,0,0,343,338,202,398,0,91,79,1,116,35,0,3,0,0,0,62,1,1,0,5,0,0,"161,063"
Ecuador,89,492,6,190,"176,325",13,0,0,20,399,0,47,0,0,0,2,33,0,0,2,0,"1,897",137,51,37,0,140,4,229,0,0,16,115,1,74,46,"5,736",117,139,34,0,0,130,202,27,2,0,0,0,0,0,0,0,0,56,3,25,38,0,27,11,3,21,16,0,4,0,0,0,9,0,3,9,125,1,4,"187,107"
Guyana,19,94,0,44,"6,560",2,0,0,26,445,0,127,0,0,0,0,0,0,0,0,0,123,10,2,3,0,21,0,13,0,0,0,0,0,12,8,59,20,23,6,0,0,7,9,4,0,0,0,0,0,0,0,0,0,0,0,0,3,0,14,0,0,6,2,0,0,0,0,0,0,0,0,0,0,0,0,"7,662"
Paraguay,25,153,1,90,"7,250",0,0,0,7,28,0,16,0,0,0,8,14,0,0,0,0,257,10,26,75,0,47,6,23,0,0,0,0,0,11,4,"1,477",13,4,0,0,0,10,22,13,0,0,0,0,0,0,0,0,0,7,2,5,7,0,0,5,0,6,0,0,1,0,0,0,3,0,0,0,0,0,0,"9,626"
Peru,93,560,7,290,"57,246",8,0,0,133,"1,964",0,101,0,0,0,0,28,0,0,1,0,"2,642",232,24,8,0,258,32,284,0,0,975,92,2,113,25,"6,422",119,268,44,0,0,247,301,76,0,0,0,0,0,0,0,0,0,100,6,53,63,0,111,3,0,36,12,0,9,0,0,2,6,0,0,1,11,0,0,"73,008"
Suriname,20,59,0,0,"5,587",0,0,0,0,8,0,69,0,0,0,0,0,0,0,0,0,18,0,8,18,0,9,0,6,0,0,0,1,0,0,0,50,1,4,0,0,0,4,10,2,0,0,0,0,0,0,0,0,0,1,1,0,0,0,0,0,0,0,0,0,0,0,0,0,0,0,0,0,0,0,0,"5,876"
Uruguay,23,196,0,20,"18,995",1,0,0,3,79,0,5,0,0,0,1,7,0,0,0,0,154,19,3,8,0,74,2,45,0,0,62,5,0,14,9,210,19,4,1,0,0,58,64,2,0,0,0,0,0,0,0,0,0,24,11,12,16,1,3,8,0,2,0,0,0,0,0,0,0,0,0,0,0,0,0,"20,160"
Venezuela,4,12,1,46,"27,196",10,0,0,10,572,0,0,0,0,0,1,37,0,0,1,0,"1,018",96,2,3,62,102,1,212,0,0,0,0,1,86,30,278,57,282,90,0,0,329,322,11,2,0,0,0,0,0,0,0,0,145,90,117,758,1,4,212,0,21,15,0,0,0,0,0,31,0,0,0,0,0,0,"32,268"
No Nationality,0,0,0,1,843,5,0,0,0,202,0,0,0,0,0,0,1,0,0,0,0,79,4,0,0,0,1,0,3,0,0,0,0,0,1,2,25,1,17,2,0,0,7,7,1,0,0,0,0,0,0,0,0,0,2,1,3,3,0,2,0,0,16,1,0,0,0,0,0,0,0,0,0,0,0,0,"1,230"
United Nations Laissez-Passer,0,0,0,0,0,0,0,0,0,0,0,0,0,0,0,0,0,0,0,0,0,0,0,0,0,0,96,0,0,0,0,0,0,0,0,0,0,0,0,0,0,0,0,0,0,0,0,0,0,0,0,0,0,0,0,0,0,0,0,0,0,0,0,0,0,0,0,0,0,0,0,0,0,0,0,0,96